{
  "single_sample_input": [
    5.0,
    3.5,
    1.5,
    0.2
  ],
  "predicted_class": "Iris-setosa",
  "predicted_class_encoded": 0,
  "probabilities": {
    "Iris-setosa": 1.0,
    "Iris-versicolor": 3.3243633762840516e-18,
    "Iris-virginica": 1.7888873564889797e-25
  },
  "ten_run_accuracies": [
    0.9777777777777777,
    0.9777777777777777,
    1.0,
    0.9333333333333333,
    0.9555555555555556,
    0.9333333333333333,
    0.9777777777777777,
    0.9777777777777777,
    0.8666666666666667,
    0.8888888888888888
  ],
  "ten_run_average": 0.9488888888888889
}